DROP DATABASE IF EXISTS sistema_reservas_vuelos;
CREATE DATABASE sistema_reservas_vuelos CHARACTER SET utf8mb4 COLLATE utf8mb4_unicode_ci;
USE sistema_reservas_vuelos;

CREATE TABLE aerolineas(
    id_aerolinea INT AUTO_INCREMENT PRIMARY KEY,
    nombre VARCHAR(100) NOT NULL,
    mail VARCHAR(50),
    telefono VARCHAR(20) NOT NULL
);

CREATE TABLE pilotos(
    id_piloto INT AUTO_INCREMENT PRIMARY KEY,
    nombre VARCHAR(50) NOT NULL,
    apellido VARCHAR(50) NOT NULL,
    años_experiencia INT NOT NULL
);

CREATE TABLE aeropuertos(
    id_aeropuerto INT AUTO_INCREMENT PRIMARY KEY,
    nombre VARCHAR(200) NOT NULL,
    ciudad VARCHAR(200) NOT NULL,
    pais VARCHAR(100) NOT NULL,
    codigo_iata VARCHAR(3) UNIQUE NOT NULL
);

CREATE TABLE aviones(
    id_avion INT AUTO_INCREMENT PRIMARY KEY,
    id_aerolinea INT NOT NULL,
    modelo VARCHAR(50),
    marca VARCHAR(50),
    capacidad INT NOT NULL,
    FOREIGN KEY (id_aerolinea) REFERENCES aerolineas(id_aerolinea)
);

CREATE TABLE vuelos(
    id_vuelo INT AUTO_INCREMENT PRIMARY KEY,
    id_aeropuerto INT NOT NULL,
    id_avion INT NOT NULL,
    id_piloto INT NOT NULL,
    origen VARCHAR(50) NOT NULL,
    destino VARCHAR(50) NOT NULL,
    numero_vuelo VARCHAR(10),
    fecha_salida DATETIME NOT NULL,
    fecha_llegada DATETIME NOT NULL,
    FOREIGN KEY (id_aeropuerto) REFERENCES aeropuertos(id_aeropuerto),
    FOREIGN KEY (id_avion) REFERENCES aviones(id_avion),
    FOREIGN KEY (id_piloto) REFERENCES pilotos(id_piloto)
);

CREATE TABLE equipajes(
    id_equipaje INT AUTO_INCREMENT PRIMARY KEY,
    cantidad INT NOT NULL,
    peso DECIMAL(6,2) NOT NULL,
    tamanio DECIMAL(6,2) NOT NULL,
    tipo VARCHAR(50) NOT NULL
);

CREATE TABLE pasajeros(
    id_pasajero INT AUTO_INCREMENT PRIMARY KEY,
    id_equipaje INT NOT NULL,
    nombre VARCHAR(50) NOT NULL,
    apellido VARCHAR(50) NOT NULL,
    dni_pasaporte VARCHAR(10) UNIQUE NOT NULL,
    email VARCHAR(100),
    telefono VARCHAR(20),
    FOREIGN KEY (id_equipaje) REFERENCES equipajes(id_equipaje)
);

CREATE TABLE reservas(
    id_reserva INT AUTO_INCREMENT PRIMARY KEY,
    id_pasajero INT NOT NULL,
    id_vuelo INT NOT NULL,
    fecha_reserva DATE NOT NULL,
    clase VARCHAR(50),
    costo_total DECIMAL(6,2) NOT NULL,
    asiento VARCHAR(5) NOT NULL,
    estado VARCHAR(50) NOT NULL,
    FOREIGN KEY (id_pasajero) REFERENCES pasajeros(id_pasajero),
    FOREIGN KEY (id_vuelo) REFERENCES vuelos(id_vuelo),
    UNIQUE(id_vuelo, asiento) 
);

CREATE TABLE cancelaciones(
    id_cancelacion INT AUTO_INCREMENT PRIMARY KEY,
    id_reserva INT NOT NULL,
    fecha_cancelacion DATE NOT NULL,
    reembolso DECIMAL(6,2) NOT NULL,
    FOREIGN KEY (id_reserva) REFERENCES reservas(id_reserva)
);

USE sistema_reservas_vuelos;

INSERT INTO aerolineas (nombre, mail, telefono) VALUES
('Aerolíneas Argentinas', 'contacto@aerolineas.com.ar', '+541143438000'),
('LATAM Airlines', 'info@latam.com', '+56226872400'),
('Gol Linhas Aéreas', 'atendimento@voegol.com.br', '+551108007040465'),
('Avianca', 'servicio@avianca.com', '+5714013434'),
('Copa Airlines', 'soporte@copaair.com', '+5072172672'),
('Viva Air', 'ayuda@vivaair.com', '+5744882098'),
('Aeroméxico', 'clientes@aeromexico.com', '+525551334000'),
('American Airlines', 'support@aa.com', '+18004337300'),
('Delta Air Lines', 'customerservice@delta.com', '+18002211212'),
('United Airlines', 'contact@united.com', '+18008648331'),
('Iberia', 'atencionalcliente@iberia.es', '+34913894352'),
('Air France', 'serviceclient@airfrance.fr', '+33969393654'),
('KLM Royal Dutch Airlines', 'customersupport@klm.com', '+31206499123'),
('Lufthansa', 'kundenservice@lufthansa.com', '+496986799799'),
('British Airways', 'customer.relations@ba.com', '+443444930787'),
('Emirates', 'custserv@emirates.com', '+97142749999'),
('Qatar Airways', 'support@qatarairways.com', '+97444060000'),
('Turkish Airlines', 'customer@turkishairlines.com', '+902124636363'),
('Air Europa', 'clientes@aireuropa.com', '+34911401501'),
('Ryanair', 'customer.service@ryanair.com', '+35312480856'),
('EasyJet', 'support@easyjet.com', '+443303655000'),
('Norwegian Air Shuttle', 'customer.service@norwegian.com', '+4721490015'),
('Wizz Air', 'info@wizzair.com', '+3617779300'),
('Vueling Airlines', 'clientes@vueling.com', '+34931220851'),
('Alitalia', 'customerservice@alitalia.com', '+390665640'),
('SWISS International Air Lines', 'service@swiss.com', '+41848700700'),
('Austrian Airlines', 'service@austrian.com', '+43517661000'),
('SAS Scandinavian Airlines', 'customer.service@sas.dk', '+4570102000'),
('Finnair', 'customer.care@finnair.com', '+358981881'),
('LOT Polish Airlines', 'contact@lot.pl', '+48225779000'),
('TAP Air Portugal', 'support@tap.pt', '+351218431100'),
('Brussels Airlines', 'contact@brusselsairlines.com', '+3227232323'),
('Ethiopian Airlines', 'info@ethiopianairlines.com', '+251116652222'),
('EgyptAir', 'customerservice@egyptair.com', '+20222655000'),
('Royal Air Maroc', 'contact@royalairmaroc.com', '+212890000800'),
('Kenya Airways', 'info@kenya-airways.com', '+254711024747'),
('South African Airways', 'customercare@flysaa.com', '+27119781111'),
('Qantas', 'support@qantas.com.au', '+61131313'),
('Air New Zealand', 'info@airnz.co.nz', '+6493573000'),
('Singapore Airlines', 'service@singaporeair.com', '+6562238888'),
('Cathay Pacific', 'contact@cathaypacific.com', '+85227473333'),
('EVA Air', 'customer@evaair.com', '+886225011999'),
('China Airlines', 'service@china-airlines.com', '+886227151212'),
('Korean Air', 'service@koreanair.com', '+82226562000'),
('Asiana Airlines', 'cs@flyasiana.com', '+82226698000'),
('Japan Airlines', 'support@jal.co.jp', '+81354605151'),
('All Nippon Airways (ANA)', 'info@ana.co.jp', '+81367465000'),
('Thai Airways', 'customer@thaiairways.com', '+6623561111'),
('Malaysia Airlines', 'wecare@malaysiaairlines.com', '+60378433000'),
('Garuda Indonesia', 'contact@garuda-indonesia.com', '+622123519999'),
('Vietnam Airlines', 'office@vietnamairlines.com', '+842438320320'),
('Philippine Airlines', 'pr@philippineairlines.com', '+63285588888'),
('Jetstar Airways', 'customer.service@jetstar.com', '+61131538'),
('AirAsia', 'askairasia@airasia.com', '+60386604333'),
('IndiGo', 'customer.relations@goindigo.in', '+919910383838'),
('SpiceJet', 'customer@spicejet.com', '+919871803333'),
('Vistara', 'feedback.us@airvistara.com', '+918042427000'),
('Air India', 'customersupport@airindia.in', '+9118001801407'),
('Sichuan Airlines', 'customer@sichuanair.com', '+862888888888'),
('China Southern Airlines', 'customer@csair.com', '+862086124000'),
('China Eastern Airlines', 'customer@ceair.com', '+862195530'),
('Hainan Airlines', 'service@hnair.com', '+86898950718'),
('Xiamen Airlines', 'service@xiamenair.com', '+865922226666'),
('Shenzhen Airlines', 'customer@shenzhenair.com', '+8675588888888'),
('Shanghai Airlines', 'service@shanghai-air.com', '+862195530'),
('EVA Air', 'customer@evaair.com', '+886225011999'), 
('China Airlines', 'service@china-airlines.com', '+886227151212'), 
('Korean Air', 'service@koreanair.com', '+82226562000'), 
('Asiana Airlines', 'cs@flyasiana.com', '+82226698000'), 
('Japan Airlines', 'support@jal.co.jp', '+81354605151'), 
('All Nippon Airways (ANA)', 'info@ana.co.jp', '+81367465000'), 
('Thai Airways', 'customer@thaiairways.com', '+6623561111'), 
('Malaysia Airlines', 'wecare@malaysiaairlines.com', '+60378433000'), 
('Garuda Indonesia', 'contact@garuda-indonesia.com', '+622123519999'), 
('Vietnam Airlines', 'office@vietnamairlines.com', '+842438320320'), 
('Philippine Airlines', 'pr@philippineairlines.com', '+63285588888'), 
('Jetstar Airways', 'customer.service@jetstar.com', '+61131538'), 
('AirAsia', 'askairasia@airasia.com', '+60386604333'),
('IndiGo', 'customer.relations@goindigo.in', '+919910383838'), 
('SpiceJet', 'customer@spicejet.com', '+919871803333'), 
('Vistara', 'feedback.us@airvistara.com', '+918042427000'), 
('Air India', 'customersupport@airindia.in', '+9118001801407'), 
('Sichuan Airlines', 'customer@sichuanair.com', '+862888888888'), 
('China Southern Airlines', 'customer@csair.com', '+862086124000'), 
('China Eastern Airlines', 'customer@ceair.com', '+862195530'), 
('Hainan Airlines', 'service@hnair.com', '+86898950718'), 
('Xiamen Airlines', 'service@xiamenair.com', '+865922226666'), 
('Shenzhen Airlines', 'customer@shenzhenair.com', '+8675588888888'), 
('Shanghai Airlines', 'service@shanghai-air.com', '+862195530'), 
('Aerolíneas del Plata', 'info@aerolineasdelplata.com', '+541155551234'),
('Cóndor Express', 'contacto@condorexpress.com', '+543515551234'),
('Austral Líneas Aéreas', 'ventas@austral.com.ar', '+541142221122'),
('Sol Líneas Aéreas', 'reservas@sollineas.com.ar', '+543414556677'),
('Flybondi', 'ayuda@flybondi.com', '+541150320737'),
('Jetsmart Argentina', 'contacto@jetsmart.com', '+541168419555'),
('Andes Líneas Aéreas', 'info@andesonline.com', '+541152358900'),
('LAPA', 'clientes@lapa.com.ar', '+541143210987'),
('Southern Winds', 'soporte@southernwinds.com', '+543514778899'),
('Baires Fly', 'reservas@bairesfly.com', '+541148887777');


INSERT INTO pilotos (nombre, apellido, años_experiencia) VALUES
('Juan', 'Perez', 15),
('Maria', 'Gomez', 10),
('Carlos', 'Rodriguez', 20),
('Ana', 'Martinez', 8),
('Pedro', 'Lopez', 12),
('Laura', 'Diaz', 7),
('Miguel', 'Sanchez', 18),
('Sofia', 'Ramirez', 9),
('Jorge', 'Torres', 14),
('Elena', 'Flores', 6),
('Pablo', 'Ruiz', 11),
('Valeria', 'Morales', 16),
('Fernando', 'Gutierrez', 13),
('Carolina', 'Vargas', 5),
('Ricardo', 'Herrera', 19),
('Isabel', 'Castro', 8),
('Daniel', 'Ortega', 17),
('Gabriela', 'Jimenez', 10),
('Manuel', 'Romero', 22),
('Camila', 'Silva', 7),
('Andres', 'Acosta', 14),
('Florencia', 'Benitez', 9),
('Gonzalo', 'Miranda', 12),
('Lucia', 'Figueroa', 6),
('Diego', 'Gallo', 16),
('Natalia', 'Ortiz', 11),
('Esteban', 'Moreno', 15),
('Mariana', 'Delgado', 8),
('Francisco', 'Rojas', 20),
('Agustina', 'Navarro', 7),
('Javier', 'Serrano', 13),
('Daniela', 'Aguirre', 9),
('Martin', 'Vazquez', 18),
('Antonella', 'Rios', 10),
('Alejandro', 'Blanco', 17),
('Emilia', 'Mendez', 6),
('Ignacio', 'Cortez', 15),
('Victoria', 'Luna', 11),
('Gustavo', 'Castro', 21),
('Brenda', 'Nuñez', 8),
('Sergio', 'Paredes', 14),
('Romina', 'Cordoba', 9),
('Federico', 'Soto', 19),
('Josefina', 'Pereyra', 7),
('Maximiliano', 'Juarez', 12),
('Sofía', 'Paz', 5),
('Joaquín', 'Costa', 16),
('Paula', 'Gimenez', 10),
('Nicolás', 'Vega', 20),
('Andrea', 'Molina', 8),
('Roberto', 'Paz', 13),
('Jessica', 'Olivera', 6),
('Marcelo', 'Herrera', 17),
('Yanina', 'Toledo', 9),
('Leonardo', 'Godoy', 11),
('Marina', 'Sosa', 14),
('Patricio', 'Maidana', 15),
('Sol', 'Castro', 7),
('Cristian', 'Miranda', 18),
('Lorena', 'Figueroa', 10),
('Ezequiel', 'Diaz', 16),
('Julieta', 'Lopez', 8),
('Facundo', 'Gomez', 22),
('Virginia', 'Martinez', 9),
('Franco', 'Rodriguez', 12),
('Gisela', 'Sanchez', 6),
('Ariel', 'Ramirez', 19),
('Silvina', 'Torres', 11),
('Sebastián', 'Flores', 15),
('Estefanía', 'Ruiz', 8),
('Gonzalo', 'Morales', 20),
('Micaela', 'Gutierrez', 7),
('Pablo', 'Vargas', 13),
('Carla', 'Herrera', 9),
('Ramiro', 'Castro', 17),
('Luciana', 'Ortega', 10),
('Ezequiel', 'Jimenez', 21),
('Laura', 'Romero', 6),
('Martín', 'Silva', 14),
('Valeria', 'Acosta', 9),
('Diego', 'Benitez', 12),
('Natalia', 'Miranda', 5),
('Juan Pablo', 'Figueroa', 16),
('Emilia', 'Gallo', 10),
('Federico', 'Ortiz', 20),
('Sofía', 'Moreno', 8),
('Manuel', 'Delgado', 13),
('Carolina', 'Rojas', 7),
('Andrés', 'Navarro', 18),
('Florencia', 'Serrano', 9),
('Gustavo', 'Aguirre', 11),
('Mariana', 'Vazquez', 14),
('Ricardo', 'Rios', 15),
('Isabel', 'Blanco', 7),
('Daniel', 'Mendez', 19),
('Gabriela', 'Cortez', 10),
('Jorge', 'Luna', 22),
('Elena', 'Nuñez', 8),
('Pedro', 'Paredes', 16),
('Ana', 'Cordoba', 9),
('Carlos', 'Soto', 12),
('Maria', 'Pereyra', 6);


INSERT INTO aeropuertos (nombre, ciudad, pais, codigo_iata) VALUES
('Aeropuerto Internacional Ministro Pistarini', 'Ezeiza', 'Argentina', 'EZE'),
('Aeroparque Jorge Newbery', 'Buenos Aires', 'Argentina', 'AEP'),
('Aeropuerto Internacional Arturo Merino Benítez', 'Santiago', 'Chile', 'SCL'),
('Aeropuerto Internacional Comodoro Arturo Merino Benítez', 'Lima', 'Perú', 'LIM'),
('Aeropuerto Internacional El Dorado', 'Bogotá', 'Colombia', 'BOG'),
('Aeropuerto Internacional Benito Juárez', 'Ciudad de México', 'México', 'MEX'),
('Aeropuerto Internacional Guarulhos', 'São Paulo', 'Brasil', 'GRU'),
('Aeropuerto Internacional Juan Santamaría', 'San José', 'Costa Rica', 'SJO'),
('Aeropuerto Internacional Tocumen', 'Ciudad de Panamá', 'Panamá', 'PTY'),
('Aeropuerto Internacional de Miami', 'Miami', 'EE. UU.', 'MIA'),
('Aeropuerto Internacional de Orlando', 'Orlando', 'EE. UU.', 'MCO'),
('Aeropuerto Internacional Hartsfield-Jackson', 'Atlanta', 'EE. UU.', 'ATL'),
('Aeropuerto Internacional O\'Hare', 'Chicago', 'EE. UU.', 'ORD'),
('Aeropuerto Internacional de Los Ángeles', 'Los Ángeles', 'EE. UU.', 'LAX'),
('Aeropuerto Internacional John F. Kennedy', 'Nueva York', 'EE. UU.', 'JFK'),
('Aeropuerto de Londres-Heathrow', 'Londres', 'Reino Unido', 'LHR'),
('Aeropuerto de París-Charles de Gaulle', 'París', 'Francia', 'CDG'),
('Aeropuerto de Fráncfort del Meno', 'Fráncfort', 'Alemania', 'FRA'),
('Aeropuerto de Madrid-Barajas Adolfo Suárez', 'Madrid', 'España', 'MAD'),
('Aeropuerto de Roma-Fiumicino Leonardo da Vinci', 'Roma', 'Italia', 'FCO'),
('Aeropuerto de Ámsterdam-Schiphol', 'Ámsterdam', 'Países Bajos', 'AMS'),
('Aeropuerto Internacional de Dubái', 'Dubái', 'Emiratos Árabes Unidos', 'DXB'),
('Aeropuerto Internacional Changi', 'Singapur', 'Singapur', 'SIN'),
('Aeropuerto Internacional de Pekín-Capital', 'Pekín', 'China', 'PEK'),
('Aeropuerto Internacional de Tokio-Narita', 'Tokio', 'Japón', 'NRT'),
('Aeropuerto Internacional de Sídney', 'Sídney', 'Australia', 'SYD'),
('Aeropuerto Internacional de Auckland', 'Auckland', 'Nueva Zelanda', 'AKL'),
('Aeropuerto Internacional de Johannesburgo-Oliver Reginald Tambo', 'Johannesburgo', 'Sudáfrica', 'JNB'),
('Aeropuerto Internacional de El Cairo', 'El Cairo', 'Egipto', 'CAI'),
('Aeropuerto Internacional Toronto Pearson', 'Toronto', 'Canadá', 'YYZ'),
('Aeropuerto Internacional de Vancouver', 'Vancouver', 'Canadá', 'YVR'),
('Aeropuerto Internacional de Cancún', 'Cancún', 'México', 'CUN'),
('Aeropuerto Internacional Reina Sofía', 'Tenerife', 'España', 'TFS'),
('Aeropuerto Internacional de Barcelona-El Prat', 'Barcelona', 'España', 'BCN'),
('Aeropuerto Internacional de Palma de Mallorca', 'Palma de Mallorca', 'España', 'PMI'),
('Aeropuerto Internacional de Múnich', 'Múnich', 'Alemania', 'MUC'),
('Aeropuerto Internacional de Zúrich', 'Zúrich', 'Suiza', 'ZRH'),
('Aeropuerto Internacional de Viena', 'Viena', 'Austria', 'VIE'),
('Aeropuerto Internacional de Lisboa', 'Lisboa', 'Portugal', 'LIS'),
('Aeropuerto Internacional de Bruselas', 'Bruselas', 'Bélgica', 'BRU'),
('Aeropuerto Internacional de Helsinki-Vantaa', 'Helsinki', 'Finlandia', 'HEL'),
('Aeropuerto Internacional de Estocolmo-Arlanda', 'Estocolmo', 'Suecia', 'ARN'),
('Aeropuerto Internacional de Oslo-Gardermoen', 'Oslo', 'Noruega', 'OSL'),
('Aeropuerto Internacional de Copenhague-Kastrup', 'Copenhague', 'Dinamarca', 'CPH'),
('Aeropuerto Internacional de Dublín', 'Dublín', 'Irlanda', 'DUB'),
('Aeropuerto Internacional de Manchester', 'Manchester', 'Reino Unido', 'MAN'),
('Aeropuerto Internacional de Edimburgo', 'Edimburgo', 'Reino Unido', 'EDI'),
('Aeropuerto Internacional de Glasgow', 'Glasgow', 'Reino Unido', 'GLA'),
('Aeropuerto Internacional de Berlín-Brandeburgo', 'Berlín', 'Alemania', 'BER'),
('Aeropuerto de Colonia/Bonn', 'Colonia', 'Alemania', 'CGN'),
('Aeropuerto de Düsseldorf', 'Düsseldorf', 'Alemania', 'DUS'),
('Aeropuerto de Hamburgo', 'Hamburgo', 'Alemania', 'HAM'),
('Aeropuerto de Stuttgart', 'Stuttgart', 'Alemania', 'STR'),
('Aeropuerto Internacional de Niza-Costa Azul', 'Niza', 'Francia', 'NCE'),
('Aeropuerto Internacional de Marsella-Provenza', 'Marsella', 'Francia', 'MRS'),
('Aeropuerto Internacional de Lyon-Saint Exupéry', 'Lyon', 'Francia', 'LYS'),
('Aeropuerto Internacional de Ginebra', 'Ginebra', 'Suiza', 'GVA'),
('Aeropuerto Internacional de Basilea-Mulhouse-Friburgo', 'Basilea', 'Suiza', 'BSL'),
('Aeropuerto Internacional de Milán-Malpensa', 'Milán', 'Italia', 'MXP'),
('Aeropuerto Internacional de Venecia Marco Polo', 'Venecia', 'Italia', 'VCE'),
('Aeropuerto Internacional de Nápoles', 'Nápoles', 'Italia', 'NAP'),
('Aeropuerto Internacional de Atenas-Eleftherios Venizelos', 'Atenas', 'Grecia', 'ATH'),
('Aeropuerto Internacional de Estambul', 'Estambul', 'Turquía', 'IST'),
('Aeropuerto Internacional de Antalya', 'Antalya', 'Turquía', 'AYT'),
('Aeropuerto Internacional de Hurghada', 'Hurghada', 'Egipto', 'HRG'),
('Aeropuerto Internacional de Ciudad del Cabo', 'Ciudad del Cabo', 'Sudáfrica', 'CPT'),
('Aeropuerto Internacional de Abu Dabi', 'Abu Dabi', 'EAU', 'AUH'),
('Aeropuerto Internacional de Kuala Lumpur', 'Kuala Lumpur', 'Malasia', 'KUL'),
('Aeropuerto Internacional Suvarnabhumi', 'Bangkok', 'Tailandia', 'BKK'),
('Aeropuerto Internacional Ngurah Rai', 'Denpasar', 'Indonesia', 'DPS'),
('Aeropuerto Internacional Tan Son Nhat', 'Ciudad Ho Chi Minh', 'Vietnam', 'SGN'),
('Aeropuerto Internacional de Hong Kong', 'Hong Kong', 'China', 'HKG'),
('Aeropuerto Internacional de Seúl-Incheon', 'Seúl', 'Corea del Sur', 'ICN'),
('Aeropuerto Internacional de Osaka-Kansai', 'Osaka', 'Japón', 'KIX'),
('Aeropuerto Internacional de Nueva Delhi', 'Nueva Delhi', 'India', 'DEL'),
('Aeropuerto Internacional de Chhatrapati Shivaji', 'Mumbai', 'India', 'BOM'),
('Aeropuerto Internacional de Bangalore', 'Bangalore', 'India', 'BLR'),
('Aeropuerto Internacional de Chennai', 'Chennai', 'India', 'MAA'),
('Aeropuerto Internacional Rey Fahd', 'Dammam', 'Arabia Saudita', 'DMM'),
('Aeropuerto Internacional Rey Khalid', 'Riad', 'Arabia Saudita', 'RUH'),
('Aeropuerto Internacional de El Salvador', 'San Salvador', 'El Salvador', 'SAL'),
('Aeropuerto Internacional La Aurora', 'Ciudad de Guatemala', 'Guatemala', 'GUA'),
('Aeropuerto Internacional Ramón Villeda Morales', 'San Pedro Sula', 'Honduras', 'SAP'),
('Aeropuerto Internacional de Managua', 'Managua', 'Nicaragua', 'MGA'),
('Aeropuerto Internacional de Carrasco', 'Montevideo', 'Uruguay', 'MVD'),
('Aeropuerto Internacional Silvio Pettirossi', 'Asunción', 'Paraguay', 'ASU'),
('Aeropuerto Internacional de Viru Viru', 'Santa Cruz', 'Bolivia', 'VVI'),
('Aeropuerto Internacional Mariscal Sucre', 'Quito', 'Ecuador', 'UIO'),
('Aeropuerto Internacional José Joaquín de Olmedo', 'Guayaquil', 'Ecuador', 'GYE'),
('Aeropuerto Internacional Rafael Núñez', 'Cartagena', 'Colombia', 'CTG'),
('Aeropuerto Internacional Alfonso Bonilla Aragón', 'Cali', 'Colombia', 'CLO'),
('Aeropuerto Internacional José María Córdova', 'Rionegro', 'Colombia', 'MDE'),
('Aeropuerto Internacional Simón Bolívar', 'Maiquetía', 'Venezuela', 'CCS'),
('Aeropuerto Internacional Las Américas', 'Santo Domingo', 'República Dominicana', 'SDQ'),
('Aeropuerto Internacional Piarco', 'Puerto España', 'Trinidad y Tobago', 'POS'),
('Aeropuerto Internacional Grantley Adams', 'Christ Church', 'Barbados', 'BGI'),
('Aeropuerto Internacional Norman Manley', 'Kingston', 'Jamaica', 'KIN'),
('Aeropuerto Internacional Lynden Pindling', 'Nasáu', 'Bahamas', 'NAS'),
('Aeropuerto Internacional Queen Beatrix', 'Oranjestad', 'Aruba', 'AUA'),
('Aeropuerto Internacional Princess Juliana', 'Philipsburg', 'Sint Maarten', 'SXM'),
('Aeropuerto Internacional de Punta Cana', 'Punta Cana', 'República Dominicana', 'PUJ');


INSERT INTO aviones (id_aerolinea, modelo, marca, capacidad) VALUES
(34, 'A319', 'Airbus', 128),
(92, '737 MAX', 'Boeing', 160),
(24, 'A350', 'Airbus', 320),
(83, 'MD-83', 'McDonnell Douglas', 172),
(90, 'E195', 'Embraer', 118),
(18, 'CSeries CS100', 'Bombardier', 108),
(12, 'ATR 72', 'ATR', 74),
(1, 'CRJ900', 'Bombardier', 96),
(66, 'A330', 'Airbus', 280),
(43, 'A320', 'Airbus', 150),
(57, '737-800', 'Boeing', 170),
(8, '777X', 'Boeing', 345),
(51, 'Dash 8-Q400', 'De Havilland', 78),
(29, 'DC-10', 'McDonnell Douglas', 275),
(13, 'E190', 'Embraer', 108),
(46, 'A310', 'Airbus', 290),
(11, '727', 'Boeing', 189),
(3, 'A321neo', 'Airbus', 200),
(38, '747-8', 'Boeing', 410),
(71, 'A220', 'Airbus', 130),
(6, '737 MAX', 'Boeing', 160),
(27, 'A320', 'Airbus', 155),
(53, 'A350', 'Airbus', 300),
(30, 'MD-83', 'McDonnell Douglas', 168),
(79, 'E195', 'Embraer', 122),
(2, 'CSeries CS100', 'Bombardier', 110),
(7, 'ATR 72', 'ATR', 70),
(41, 'CRJ900', 'Bombardier', 90),
(65, 'A330', 'Airbus', 275),
(33, 'A320', 'Airbus', 145),
(98, '737-800', 'Boeing', 172),
(19, '777X', 'Boeing', 360),
(96, 'Dash 8-Q400', 'De Havilland', 84),
(14, 'DC-10', 'McDonnell Douglas', 268),
(50, 'E190', 'Embraer', 100),
(26, 'A310', 'Airbus', 286),
(59, '727', 'Boeing', 180),
(76, 'A321neo', 'Airbus', 204),
(10, '747-8', 'Boeing', 400),
(93, 'A220', 'Airbus', 132),
(88, '737 MAX', 'Boeing', 162),
(4, 'A320', 'Airbus', 158),
(22, 'A350', 'Airbus', 310),
(94, 'MD-83', 'McDonnell Douglas', 174),
(35, 'E195', 'Embraer', 124),
(55, 'CSeries CS100', 'Bombardier', 112),
(21, 'ATR 72', 'ATR', 72),
(28, 'CRJ900', 'Bombardier', 94),
(74, 'A330', 'Airbus', 288),
(25, 'A320', 'Airbus', 153),
(69, '737-800', 'Boeing', 176),
(23, '777X', 'Boeing', 342),
(77, 'Dash 8-Q400', 'De Havilland', 80),
(44, 'DC-10', 'McDonnell Douglas', 266),
(15, 'E190', 'Embraer', 105),
(39, 'A310', 'Airbus', 283),
(36, '727', 'Boeing', 187),
(5, 'A321neo', 'Airbus', 202),
(64, '747-8', 'Boeing', 408),
(58, 'A220', 'Airbus', 129),
(67, '737 MAX', 'Boeing', 159),
(49, 'A320', 'Airbus', 149),
(20, 'A350', 'Airbus', 315),
(37, 'MD-83', 'McDonnell Douglas', 176),
(40, 'E195', 'Embraer', 120),
(85, 'CSeries CS100', 'Bombardier', 109),
(9, 'ATR 72', 'ATR', 75),
(56, 'CRJ900', 'Bombardier', 92),
(17, 'A330', 'Airbus', 270),
(42, 'A320', 'Airbus', 146),
(60, '737-800', 'Boeing', 168),
(63, '777X', 'Boeing', 348),
(16, 'Dash 8-Q400', 'De Havilland', 79),
(52, 'DC-10', 'McDonnell Douglas', 270),
(91, 'E190', 'Embraer', 106),
(31, 'A310', 'Airbus', 287),
(86, '727', 'Boeing', 188),
(75, 'A321neo', 'Airbus', 203),
(47, '747-8', 'Boeing', 412),
(87, 'A220', 'Airbus', 131),
(97, '737 MAX', 'Boeing', 161),
(70, 'A320', 'Airbus', 147),
(84, 'A350', 'Airbus', 317),
(95, 'MD-83', 'McDonnell Douglas', 171),
(45, 'E195', 'Embraer', 121),
(13, 'CSeries CS100', 'Bombardier', 111),
(32, 'ATR 72', 'ATR', 71),
(48, 'CRJ900', 'Bombardier', 93),
(61, 'A330', 'Airbus', 276),
(99, 'A320', 'Airbus', 148),
(73, '737-800', 'Boeing', 177),
(62, '777X', 'Boeing', 350),
(80, 'Dash 8-Q400', 'De Havilland', 83),
(72, 'DC-10', 'McDonnell Douglas', 267),
(78, 'E190', 'Embraer', 104),
(89, 'A310', 'Airbus', 284),
(68, '727', 'Boeing', 186),
(91, 'A321neo', 'Airbus', 201),
(2, '747-8', 'Boeing', 409),
(66, 'A220', 'Airbus', 133);



INSERT INTO vuelos (id_aeropuerto, id_avion, id_piloto, origen, destino, numero_vuelo, fecha_salida, fecha_llegada) VALUES
(1, 1, 1, 'Ezeiza', 'Miami', 'AR1001', '2025-07-01 08:00:00', '2025-07-01 17:00:00'),
(2, 2, 2, 'Aeroparque', 'Santiago', 'LA2002', '2025-07-01 09:30:00', '2025-07-01 12:30:00'),
(3, 3, 3, 'Santiago', 'Lima', 'AV3003', '2025-07-02 10:00:00', '2025-07-02 14:00:00'),
(4, 4, 4, 'Lima', 'Bogotá', 'CM4004', '2025-07-02 11:45:00', '2025-07-02 13:45:00'),
(5, 5, 5, 'Bogotá', 'Ciudad de México', 'AM5005', '2025-07-03 13:00:00', '2025-07-03 17:00:00'),
(6, 6, 6, 'Ciudad de México', 'São Paulo', 'G36006', '2025-07-03 14:15:00', '2025-07-03 23:15:00'),
(7, 7, 7, 'São Paulo', 'San José', 'PZ7007', '2025-07-04 07:00:00', '2025-07-04 11:00:00'),
(8, 8, 8, 'San José', 'Tocumen', 'CM8008', '2025-07-04 08:30:00', '2025-07-04 10:30:00'),
(9, 9, 9, 'Tocumen', 'Ezeiza', 'AR9009', '2025-07-05 10:00:00', '2025-07-05 20:00:00'),
(10, 10, 10, 'Miami', 'Nueva York', 'AA1010', '2025-07-05 11:00:00', '2025-07-05 14:00:00'),
(11, 11, 11, 'Orlando', 'Los Ángeles', 'DL1111', '2025-07-06 12:00:00', '2025-07-06 15:00:00'),
(12, 12, 12, 'Atlanta', 'Chicago', 'UA1212', '2025-07-06 13:00:00', '2025-07-06 14:30:00'),
(13, 13, 13, 'Chicago', 'Londres', 'BA1313', '2025-07-07 14:00:00', '2025-07-08 05:00:00'),
(14, 14, 14, 'Los Ángeles', 'París', 'AF1414', '2025-07-07 15:00:00', '2025-07-08 09:00:00'),
(15, 15, 15, 'Nueva York', 'Fráncfort', 'LH1515', '2025-07-08 16:00:00', '2025-07-09 06:00:00'),
(16, 16, 16, 'Londres', 'Madrid', 'IB1616', '2025-07-08 17:00:00', '2025-07-08 19:30:00'),
(17, 17, 17, 'París', 'Roma', 'AZ1717', '2025-07-09 08:00:00', '2025-07-09 10:00:00'),
(18, 18, 18, 'Fráncfort', 'Ámsterdam', 'KL1818', '2025-07-09 09:00:00', '2025-07-09 10:30:00'),
(19, 19, 19, 'Madrid', 'Dubái', 'EK1919', '2025-07-10 10:00:00', '2025-07-11 00:00:00'),
(20, 20, 20, 'Roma', 'Singapur', 'SQ2020', '2025-07-10 11:00:00', '2025-07-11 06:00:00'),
(21, 21, 21, 'Ámsterdam', 'Pekín', 'CA2121', '2025-07-11 12:00:00', '2025-07-12 03:00:00'),
(22, 22, 22, 'Dubái', 'Tokio', 'JL2222', '2025-07-11 13:00:00', '2025-07-12 04:00:00'),
(23, 23, 23, 'Singapur', 'Sídney', 'QF2323', '2025-07-12 14:00:00', '2025-07-12 23:00:00'),
(24, 24, 24, 'Pekín', 'Auckland', 'NZ2424', '2025-07-12 15:00:00', '2025-07-13 06:00:00'),
(25, 25, 25, 'Tokio', 'Johannesburgo', 'SA2525', '2025-07-13 16:00:00', '2025-07-14 06:00:00'),
(26, 26, 26, 'Sídney', 'El Cairo', 'MS2626', '2025-07-13 17:00:00', '2025-07-14 09:00:00'),
(27, 27, 27, 'Auckland', 'Toronto', 'AC2727', '2025-07-14 18:00:00', '2025-07-15 00:00:00'),
(28, 28, 28, 'Johannesburgo', 'Vancouver', 'WS2828', '2025-07-14 19:00:00', '2025-07-15 12:00:00'),
(29, 29, 29, 'El Cairo', 'Cancún', 'XM2929', '2025-07-15 08:00:00', '2025-07-15 16:00:00'),
(30, 30, 30, 'Toronto', 'Tenerife', 'TS3030', '2025-07-15 09:00:00', '2025-07-15 17:00:00'),
(31, 31, 31, 'Vancouver', 'Barcelona', 'IB3131', '2025-07-16 10:00:00', '2025-07-17 07:00:00'),
(32, 32, 32, 'Cancún', 'Palma de Mallorca', 'FR3232', '2025-07-16 11:00:00', '2025-07-16 23:00:00'),
(33, 33, 33, 'Tenerife', 'Múnich', 'LH3333', '2025-07-17 12:00:00', '2025-07-17 17:00:00'),
(34, 34, 34, 'Barcelona', 'Zúrich', 'LX3434', '2025-07-17 13:00:00', '2025-07-17 15:00:00'),
(35, 35, 35, 'Palma de Mallorca', 'Viena', 'OS3535', '2025-07-18 14:00:00', '2025-07-18 16:30:00'),
(36, 36, 36, 'Múnich', 'Lisboa', 'TP3636', '2025-07-18 15:00:00', '2025-07-18 17:00:00'),
(37, 37, 37, 'Zúrich', 'Bruselas', 'SN3737', '2025-07-19 08:00:00', '2025-07-19 10:00:00'),
(38, 38, 38, 'Viena', 'Helsinki', 'AY3838', '2025-07-19 09:00:00', '2025-07-19 12:00:00'),
(39, 39, 39, 'Lisboa', 'Estocolmo', 'SK3939', '2025-07-20 10:00:00', '2025-07-20 14:00:00'),
(40, 40, 40, 'Bruselas', 'Oslo', 'DY4040', '2025-07-20 11:00:00', '2025-07-20 13:00:00'),
(41, 41, 41, 'Helsinki', 'Copenhague', 'CPH4141', '2025-07-21 12:00:00', '2025-07-21 13:30:00'),
(42, 42, 42, 'Estocolmo', 'Dublín', 'EI4242', '2025-07-21 13:00:00', '2025-07-21 15:00:00'),
(43, 43, 43, 'Oslo', 'Manchester', 'BE4343', '2025-07-22 14:00:00', '2025-07-22 16:00:00'),
(44, 44, 44, 'Copenhague', 'Edimburgo', 'BA4444', '2025-07-22 15:00:00', '2025-07-22 16:30:00'),
(45, 45, 45, 'Dublín', 'Glasgow', 'KL4545', '2025-07-23 08:00:00', '2025-07-23 09:30:00'),
(46, 46, 46, 'Manchester', 'Berlín', 'LH4646', '2025-07-23 09:00:00', '2025-07-23 11:00:00'),
(47, 47, 47, 'Edimburgo', 'Colonia', 'EW4747', '2025-07-24 10:00:00', '2025-07-24 12:00:00'),
(48, 48, 48, 'Glasgow', 'Düsseldorf', 'LH4848', '2025-07-24 11:00:00', '2025-07-24 12:30:00'),
(49, 49, 49, 'Berlín', 'Hamburgo', 'DE4949', '2025-07-25 12:00:00', '2025-07-25 13:00:00'),
(50, 50, 50, 'Colonia', 'Stuttgart', 'EW5050', '2025-07-25 13:00:00', '2025-07-25 14:00:00'),
(51, 51, 51, 'Hamburgo', 'Niza', 'AF5151', '2025-07-26 14:00:00', '2025-07-26 16:30:00'),
(52, 52, 52, 'Stuttgart', 'Marsella', 'LH5252', '2025-07-26 15:00:00', '2025-07-26 17:00:00'),
(53, 53, 53, 'Niza', 'Lyon', 'AF5353', '2025-07-27 08:00:00', '2025-07-27 09:30:00'),
(54, 54, 54, 'Marsella', 'Ginebra', 'LX5454', '2025-07-27 09:00:00', '2025-07-27 10:30:00'),
(55, 55, 55, 'Lyon', 'Basilea', 'SN5555', '2025-07-28 10:00:00', '2025-07-28 11:30:00'),
(56, 56, 56, 'Ginebra', 'Milán', 'AZ5656', '2025-07-28 11:00:00', '2025-07-28 12:30:00'),
(57, 57, 57, 'Basilea', 'Venecia', 'LH5757', '2025-07-29 12:00:00', '2025-07-29 13:30:00'),
(58, 58, 58, 'Milán', 'Nápoles', 'AZ5858', '2025-07-29 13:00:00', '2025-07-29 14:30:00'),
(59, 59, 59, 'Venecia', 'Atenas', 'A35959', '2025-07-30 14:00:00', '2025-07-30 16:00:00'),
(60, 60, 60, 'Nápoles', 'Estambul', 'TK6060', '2025-07-30 15:00:00', '2025-07-30 18:00:00'),
(61, 61, 61, 'Atenas', 'Antalya', 'PC6161', '2025-07-31 08:00:00', '2025-07-31 09:30:00'),
(62, 62, 62, 'Estambul', 'Hurghada', 'MS6262', '2025-07-31 09:00:00', '2025-07-31 11:30:00'),
(63, 63, 63, 'Antalya', 'Ciudad del Cabo', 'SA6363', '2025-08-01 10:00:00', '2025-08-02 01:00:00'),
(64, 64, 64, 'Hurghada', 'Abu Dabi', 'EY6464', '2025-08-01 11:00:00', '2025-08-01 15:00:00'),
(65, 65, 65, 'Ciudad del Cabo', 'Kuala Lumpur', 'MH6565', '2025-08-02 12:00:00', '2025-08-03 04:00:00'),
(66, 66, 66, 'Abu Dabi', 'Bangkok', 'TG6666', '2025-08-02 13:00:00', '2025-08-02 19:00:00'),
(67, 67, 67, 'Kuala Lumpur', 'Denpasar', 'GA6767', '2025-08-03 14:00:00', '2025-08-03 17:00:00'),
(68, 68, 68, 'Bangkok', 'Ciudad Ho Chi Minh', 'VN6868', '2025-08-03 15:00:00', '2025-08-03 17:00:00'),
(69, 69, 69, 'Denpasar', 'Hong Kong', 'CX6969', '2025-08-04 08:00:00', '2025-08-04 12:00:00'),
(70, 70, 70, 'Ciudad Ho Chi Minh', 'Seúl', 'KE7070', '2025-08-04 09:00:00', '2025-08-04 16:00:00'),
(71, 71, 71, 'Hong Kong', 'Osaka', 'NH7171', '2025-08-05 10:00:00', '2025-08-05 14:00:00'),
(72, 72, 72, 'Seúl', 'Nueva Delhi', 'AI7272', '2025-08-05 11:00:00', '2025-08-05 17:00:00'),
(73, 73, 73, 'Osaka', 'Mumbai', '6E7373', '2025-08-06 12:00:00', '2025-08-06 18:00:00'),
(74, 74, 74, 'Nueva Delhi', 'Bangalore', 'UK7474', '2025-08-06 13:00:00', '2025-08-06 15:30:00'),
(75, 75, 75, 'Mumbai', 'Chennai', 'SG7575', '2025-08-07 14:00:00', '2025-08-07 16:00:00'),
(76, 76, 76, 'Bangalore', 'Dammam', 'SV7676', '2025-08-07 15:00:00', '2025-08-07 18:00:00'),
(77, 77, 77, 'Chennai', 'Riad', 'QR7777', '2025-08-08 08:00:00', '2025-08-08 11:00:00'),
(78, 78, 78, 'Dammam', 'San Salvador', 'TA7878', '2025-08-08 09:00:00', '2025-08-08 15:00:00'),
(79, 79, 79, 'Riad', 'Ciudad de Guatemala', 'CM7979', '2025-08-09 10:00:00', '2025-08-09 17:00:00'),
(80, 80, 80, 'San Salvador', 'San Pedro Sula', 'LA8080', '2025-08-09 11:00:00', '2025-08-09 12:30:00'),
(81, 81, 81, 'Ciudad de Guatemala', 'Managua', 'AV8181', '2025-08-10 12:00:00', '2025-08-10 13:30:00'),
(82, 82, 82, 'San Pedro Sula', 'Tocumen', 'CM8282', '2025-08-10 13:00:00', '2025-08-10 15:00:00'),
(83, 83, 83, 'Managua', 'Montevideo', 'AR8383', '2025-08-11 14:00:00', '2025-08-11 23:00:00'),
(84, 84, 84, 'Tocumen', 'Asunción', 'PZ8484', '2025-08-11 15:00:00', '2025-08-12 01:00:00'),
(85, 85, 85, 'Montevideo', 'Santa Cruz', 'OB8585', '2025-08-12 16:00:00', '2025-08-12 19:00:00'),
(86, 86, 86, 'Asunción', 'Quito', 'LA8686', '2025-08-12 17:00:00', '2025-08-12 21:00:00'),
(87, 87, 87, 'Santa Cruz', 'Guayaquil', 'AV8787', '2025-08-13 08:00:00', '2025-08-13 11:00:00'),
(88, 88, 88, 'Quito', 'Cartagena', 'CM8888', '2025-08-13 09:00:00', '2025-08-13 12:00:00'),
(89, 89, 89, 'Guayaquil', 'Cali', 'AM8989', '2025-08-14 10:00:00', '2025-08-14 11:30:00'),
(90, 90, 90, 'Cartagena', 'Rionegro', 'G39090', '2025-08-14 11:00:00', '2025-08-14 13:00:00'),
(91, 91, 91, 'Cali', 'Maiquetía', 'PZ9191', '2025-08-15 12:00:00', '2025-08-15 15:00:00'),
(92, 92, 92, 'Rionegro', 'Santo Domingo', 'CM9292', '2025-08-15 13:00:00', '2025-08-15 16:00:00'),
(93, 93, 93, 'Maiquetía', 'Puerto España', 'AR9393', '2025-08-16 14:00:00', '2025-08-16 16:00:00'),
(94, 94, 94, 'Santo Domingo', 'Christ Church', 'AA9494', '2025-08-16 15:00:00', '2025-08-16 17:00:00'),
(95, 95, 95, 'Puerto España', 'Kingston', 'DL9595', '2025-08-17 08:00:00', '2025-08-17 10:00:00'),
(96, 96, 96, 'Christ Church', 'Nasáu', 'UA9696', '2025-08-17 09:00:00', '2025-08-17 11:00:00'),
(97, 97, 97, 'Kingston', 'Oranjestad', 'IB9797', '2025-08-18 10:00:00', '2025-08-18 12:00:00'),
(98, 98, 98, 'Nasáu', 'Philipsburg', 'AF9898', '2025-08-18 11:00:00', '2025-08-18 13:00:00'),
(99, 99, 99, 'Oranjestad', 'Punta Cana', 'KL9999', '2025-08-19 12:00:00', '2025-08-19 14:00:00'),
(100, 100, 100, 'Philipsburg', 'Ezeiza', 'LH1000', '2025-08-19 13:00:00', '2025-08-20 01:00:00');


INSERT INTO equipajes (cantidad, peso, tamanio, tipo) VALUES
(1, 15.50, 60.00, 'Maleta de mano'),
(2, 23.00, 70.00, 'Maleta facturada'),
(1, 10.00, 50.00, 'Mochila'),
(1, 18.20, 65.00, 'Maleta facturada'),
(2, 28.50, 75.00, 'Maleta facturada'),
(1, 8.00, 45.00, 'Bolso personal'),
(1, 20.00, 68.00, 'Maleta de mano'),
(2, 30.00, 80.00, 'Maleta facturada'),
(1, 12.30, 55.00, 'Maleta de mano'),
(1, 25.00, 72.00, 'Maleta facturada'),
(1, 14.00, 58.00, 'Maleta de mano'),
(2, 22.00, 69.00, 'Maleta facturada'),
(1, 9.50, 48.00, 'Mochila'),
(1, 17.00, 63.00, 'Maleta facturada'),
(2, 26.80, 78.00, 'Maleta facturada'),
(1, 7.50, 42.00, 'Bolso personal'),
(1, 19.00, 66.00, 'Maleta de mano'),
(2, 29.00, 82.00, 'Maleta facturada'),
(1, 11.00, 52.00, 'Maleta de mano'),
(1, 24.00, 70.00, 'Maleta facturada'),
(1, 16.00, 61.00, 'Maleta de mano'),
(2, 21.00, 67.00, 'Maleta facturada'),
(1, 10.50, 51.00, 'Mochila'),
(1, 18.00, 64.00, 'Maleta facturada'),
(2, 27.00, 76.00, 'Maleta facturada'),
(1, 8.50, 46.00, 'Bolso personal'),
(1, 20.50, 69.00, 'Maleta de mano'),
(2, 31.00, 81.00, 'Maleta facturada'),
(1, 12.00, 54.00, 'Maleta de mano'),
(1, 25.50, 73.00, 'Maleta facturada'),
(1, 13.50, 57.00, 'Maleta de mano'),
(2, 22.50, 68.00, 'Maleta facturada'),
(1, 9.00, 47.00, 'Mochila'),
(1, 17.50, 62.00, 'Maleta facturada'),
(2, 27.50, 77.00, 'Maleta facturada'),
(1, 7.00, 41.00, 'Bolso personal'),
(1, 19.50, 65.00, 'Maleta de mano'),
(2, 30.50, 83.00, 'Maleta facturada'),
(1, 11.50, 53.00, 'Maleta de mano'),
(1, 24.50, 71.00, 'Maleta facturada'),
(1, 15.00, 59.00, 'Maleta de mano'),
(2, 23.50, 71.00, 'Maleta facturada'),
(1, 9.80, 49.00, 'Mochila'),
(1, 16.50, 60.00, 'Maleta facturada'),
(2, 28.00, 75.00, 'Maleta facturada'),
(1, 8.20, 43.00, 'Bolso personal'),
(1, 20.20, 67.00, 'Maleta de mano'),
(2, 29.50, 80.00, 'Maleta facturada'),
(1, 12.50, 56.00, 'Maleta de mano'),
(1, 26.00, 74.00, 'Maleta facturada'),
(1, 14.50, 60.00, 'Maleta de mano'),
(2, 21.50, 66.00, 'Maleta facturada'),
(1, 10.20, 50.00, 'Mochila'),
(1, 18.50, 63.00, 'Maleta facturada'),
(2, 26.50, 78.00, 'Maleta facturada'),
(1, 7.80, 44.00, 'Bolso personal'),
(1, 19.80, 68.00, 'Maleta de mano'),
(2, 31.50, 82.00, 'Maleta facturada'),
(1, 11.80, 55.00, 'Maleta de mano'),
(1, 25.80, 72.00, 'Maleta facturada'),
(1, 13.00, 58.00, 'Maleta de mano'),
(2, 22.80, 69.00, 'Maleta facturada'),
(1, 9.30, 48.00, 'Mochila'),
(1, 17.20, 61.00, 'Maleta facturada'),
(2, 27.20, 76.00, 'Maleta facturada'),
(1, 7.20, 42.00, 'Bolso personal'),
(1, 19.20, 64.00, 'Maleta de mano'),
(2, 30.20, 81.00, 'Maleta facturada'),
(1, 11.20, 52.00, 'Maleta de mano'),
(1, 24.20, 70.00, 'Maleta facturada'),
(1, 15.80, 62.00, 'Maleta de mano'),
(2, 23.80, 70.00, 'Maleta facturada'),
(1, 10.80, 51.00, 'Mochila'),
(1, 16.20, 59.00, 'Maleta facturada'),
(2, 28.20, 74.00, 'Maleta facturada'),
(1, 8.80, 45.00, 'Bolso personal'),
(1, 20.80, 66.00, 'Maleta de mano'),
(2, 29.80, 79.00, 'Maleta facturada'),
(1, 12.80, 57.00, 'Maleta de mano'),
(1, 26.20, 73.00, 'Maleta facturada'),
(1, 14.80, 59.00, 'Maleta de mano'),
(2, 21.20, 65.00, 'Maleta facturada'),
(1, 10.00, 50.00, 'Mochila'),
(1, 18.00, 62.00, 'Maleta facturada'),
(2, 27.00, 77.00, 'Maleta facturada'),
(1, 8.00, 43.00, 'Bolso personal'),
(1, 20.00, 67.00, 'Maleta de mano'),
(2, 30.00, 80.00, 'Maleta facturada'),
(1, 12.00, 54.00, 'Maleta de mano'),
(1, 25.00, 71.00, 'Maleta facturada'),
(1, 13.00, 56.00, 'Maleta de mano'),
(2, 22.00, 68.00, 'Maleta facturada'),
(1, 9.00, 47.00, 'Mochila'),
(1, 17.00, 60.00, 'Maleta facturada'),
(2, 26.00, 75.00, 'Maleta facturada'),
(1, 7.00, 41.00, 'Bolso personal'),
(1, 19.00, 65.00, 'Maleta de mano'),
(2, 29.00, 82.00, 'Maleta facturada'),
(1, 11.00, 53.00, 'Maleta de mano'),
(1, 24.00, 70.00, 'Maleta facturada'),
(1, 15.00, 61.00, 'Maleta de mano'),
(2, 23.00, 69.00, 'Maleta facturada'),
(1, 10.00, 50.00, 'Mochila');

INSERT INTO pasajeros (id_equipaje, nombre, apellido, dni_pasaporte, email, telefono) VALUES
(1, 'Lucas', 'García', '12345678A', 'lucas.garcia@example.com', '1122334455'),
(2, 'Martina', 'Fernández', '87654321B', 'martina.fernandez@example.com', '1133445566'),
(3, 'Sofía', 'Pérez', '98765432C', 'sofia.perez@example.com', '1144556677'),
(4, 'Mateo', 'González', '11223344D', 'mateo.gonzalez@example.com', '1155667788'),
(5, 'Valentina', 'Rodríguez', '55667788E', 'valentina.rodriguez@example.com', '1166778899'),
(6, 'Juan', 'Martínez', '99887766F', 'juan.martinez@example.com', '1177889900'),
(7, 'Camila', 'López', '44556677G', 'camila.lopez@example.com', '1188990011'),
(8, 'Diego', 'Díaz', '22113344H', 'diego.diaz@example.com', '1199001122'),
(9, 'Laura', 'Sánchez', '66778899I', 'laura.sanchez@example.com', '1100112233'),
(10, 'Andrés', 'Romero', '33445566J', 'andres.romero@example.com', '1111223344'),
(11, 'Paula', 'Torres', '77889900K', 'paula.torres@example.com', '1122334456'),
(12, 'Gabriel', 'Ruiz', '10203040L', 'gabriel.ruiz@example.com', '1133445567'),
(13, 'Lucía', 'Giménez', '50607080M', 'lucia.gimenez@example.com', '1144556678'),
(14, 'Joaquín', 'Ramírez', '90102030N', 'joaquin.ramirez@example.com', '1155667789'),
(15, 'Abril', 'Flores', '30405060O', 'abril.flores@example.com', '1166778890'),
(16, 'Ignacio', 'Acosta', '70809010P', 'ignacio.acosta@example.com', '1177889901'),
(17, 'Emma', 'Benítez', '13579246Q', 'emma.benitez@example.com', '1188990012'),
(18, 'Felipe', 'Miranda', '24680135R', 'felipe.miranda@example.com', '1199001123'),
(19, 'Renata', 'Figueroa', '97531864S', 'renata.figueroa@example.com', '1100112234'),
(20, 'Santiago', 'Ortiz', '86420975T', 'santiago.ortiz@example.com', '1111223345'),
(21, 'Valeria', 'Moreno', '11335577U', 'valeria.moreno@example.com', '1122334457'),
(22, 'Franco', 'Delgado', '22446688V', 'franco.delgado@example.com', '1133445568'),
(23, 'Isabella', 'Rojas', '33557799W', 'isabella.rojas@example.com', '1144556679'),
(24, 'Benjamín', 'Navarro', '44668800X', 'benjamin.navarro@example.com', '1155667790'),
(25, 'Olivia', 'Serrano', '55779911Y', 'olivia.serrano@example.com', '1166778801'),
(26, 'Manuel', 'Aguirre', '66880022Z', 'manuel.aguirre@example.com', '1177889912'),
(27, 'Agustina', 'Vázquez', '77991133A', 'agustina.vazquez@example.com', '1188990023'),
(28, 'Gonzalo', 'Ríos', '88002244B', 'gonzalo.rios@example.com', '1199001134'),
(29, 'Sofía', 'Blanco', '99113355C', 'sofia.blanco@example.com', '1100112245'),
(30, 'Facundo', 'Méndez', '10224466D', 'facundo.mendez@example.com', '1111223356'),
(31, 'Victoria', 'Cortez', '20335577E', 'victoria.cortez@example.com', '1122334467'),
(32, 'Delfina', 'Luna', '30446688F', 'delfina.luna@example.com', '1133445578'),
(33, 'Tomás', 'Nuñez', '40557799G', 'tomas.nunez@example.com', '1144556689'),
(34, 'Julieta', 'Paredes', '50668800H', 'julieta.paredes@example.com', '1155667790'),
(35, 'Nicolás', 'Córdoba', '60779911I', 'nicolas.cordoba@example.com', '1166778801'),
(36, 'Valentina', 'Soto', '70880022J', 'valentina.soto@example.com', '1177889912'),
(37, 'Lucio', 'Pereyra', '80991133K', 'lucio.pereyra@example.com', '1188990023'),
(38, 'Agustín', 'Juárez', '90102244L', 'agustin.juarez@example.com', '1199001134'),
(39, 'Mía', 'Paz', '11223345M', 'mia.paz@example.com', '1100112245'),
(40, 'Thiago', 'Costa', '22334456N', 'thiago.costa@example.com', '1111223356'),
(41, 'Zoe', 'Gimenez', '33445567O', 'zoe.gimenez@example.com', '1122334467'),
(42, 'Emiliano', 'Vega', '44556678P', 'emiliano.vega@example.com', '1133445578'),
(43, 'Alma', 'Molina', '55667789Q', 'alma.molina@example.com', '1144556689'),
(44, 'Kevin', 'Olivera', '66778890R', 'kevin.olivera@example.com', '1155667790'),
(45, 'Abril', 'Herrera', '77889901S', 'abril.herrera@example.com', '1166778801'),
(46, 'Dylan', 'Toledo', '88990012T', 'dylan.toledo@example.com', '1177889912'),
(47, 'Jazmín', 'Godoy', '99001123U', 'jazmin.godoy@example.com', '1188990023'),
(48, 'Santino', 'Sosa', '10112234V', 'santino.sosa@example.com', '1199001134'),
(49, 'Helena', 'Maidana', '20223345W', 'helena.maidana@example.com', '1100112245'),
(50, 'Gael', 'Paz', '30334456X', 'gael.paz@example.com', '1111223356'),
(51, 'Kiara', 'Miranda', '40445567Y', 'kiara.miranda@example.com', '1122334467'),
(52, 'Bautista', 'Figueroa', '50556678Z', 'bautista.figueroa@example.com', '1133445578'),
(53, 'Nicole', 'Díaz', '60667789A', 'nicole.diaz@example.com', '1144556689'),
(54, 'Ezequiel', 'López', '70778890B', 'ezequiel.lopez@example.com', '1155667790'),
(55, 'Pilar', 'Gómez', '80889901C', 'pilar.gomez@example.com', '1166778801'),
(56, 'Román', 'Martínez', '90990012D', 'roman.martinez@example.com', '1177889912'),
(57, 'Catalina', 'Rodriguez', '10011223E', 'catalina.rodriguez@example.com', '1188990023'),
(58, 'Thiago', 'Sánchez', '20022334F', 'thiago.sanchez@example.com', '1199001134'),
(59, 'Emilia', 'Ramírez', '30033445G', 'emilia.ramirez@example.com', '1100112245'),
(60, 'Félix', 'Torres', '40044556H', 'felix.torres@example.com', '1111223356'),
(61, 'Jana', 'Ruiz', '50055667I', 'jana.ruiz@example.com', '1122334467'),
(62, 'Ciro', 'Giménez', '60066778J', 'ciro.gimenez@example.com', '1133445578'),
(63, 'Martina', 'Acosta', '70077889K', 'martina.acosta@example.com', '1144556689'),
(64, 'Lucas', 'Benítez', '80088990L', 'lucas.benitez@example.com', '1155667790'),
(65, 'Sofía', 'Miranda', '90099001M', 'sofia.miranda@example.com', '1166778801'),
(66, 'Mateo', 'Figueroa', '11112234N', 'mateo.figueroa@example.com', '1177889912'),
(67, 'Valentina', 'Ortiz', '22223345O', 'valentina.ortiz@example.com', '1188990023'),
(68, 'Juan', 'Moreno', '33334456P', 'juan.moreno@example.com', '1199001134'),
(69, 'Camila', 'Delgado', '44445567Q', 'camila.delgado@example.com', '1100112245'),
(70, 'Diego', 'Rojas', '55556678R', 'diego.rojas@example.com', '1111223356'),
(71, 'Laura', 'Navarro', '66667789S', 'laura.navarro@example.com', '1122334467'),
(72, 'Andrés', 'Serrano', '77778890T', 'andres.serrano@example.com', '1133445578'),
(73, 'Paula', 'Aguirre', '88889901U', 'paula.aguirre@example.com', '1144556689'),
(74, 'Gabriel', 'Vázquez', '99990012V', 'gabriel.vazquez@example.com', '1155667790'),
(75, 'Lucía', 'Ríos', '10101123W', 'lucia.rios@example.com', '1166778801'),
(76, 'Joaquín', 'Blanco', '20202234X', 'joaquin.blanco@example.com', '1177889912'),
(77, 'Abril', 'Méndez', '30303345Y', 'abril.mendez@example.com', '1188990023'),
(78, 'Ignacio', 'Cortez', '40404456Z', 'ignacio.cortez@example.com', '1199001134'),
(79, 'Emma', 'Luna', '50505567A', 'emma.luna@example.com', '1100112245'),
(80, 'Felipe', 'Nuñez', '60606678B', 'felipe.nunez@example.com', '1111223356'),
(81, 'Renata', 'Paredes', '70707789C', 'renata.paredes@example.com', '1122334467'),
(82, 'Santiago', 'Córdoba', '80808890D', 'santiago.cordoba@example.com', '1133445578'),
(83, 'Valeria', 'Soto', '90909901E', 'valeria.soto@example.com', '1144556689'),
(84, 'Franco', 'Pereyra', '10111223F', 'franco.pereyra@example.com', '1155667790'),
(85, 'Isabella', 'Juárez', '20222334G', 'isabella.juarez@example.com', '1166778801'),
(86, 'Benjamín', 'Paz', '30333445H', 'benjamin.paz@example.com', '1177889912'),
(87, 'Olivia', 'Costa', '40444556I', 'olivia.costa@example.com', '1188990023'),
(88, 'Manuel', 'Gimenez', '50555667J', 'manuel.gimenez@example.com', '1199001134'),
(89, 'Agustina', 'Vega', '60666778K', 'agustina.vega@example.com', '1100112245'),
(90, 'Gonzalo', 'Molina', '70777889L', 'gonzalo.molina@example.com', '1111223356'),
(91, 'Sofía', 'Olivera', '80888990M', 'sofia.olivera@example.com', '1122334467'),
(92, 'Facundo', 'Herrera', '90999001N', 'facundo.herrera@example.com', '1133445578'),
(93, 'Victoria', 'Toledo', '11122334O', 'victoria.toledo@example.com', '1144556689'),
(94, 'Delfina', 'Godoy', '22233445P', 'delfina.godoy@example.com', '1155667790'),
(95, 'Tomás', 'Sosa', '33344556Q', 'tomas.sosa@example.com', '1166778801'),
(96, 'Julieta', 'Maidana', '44455667R', 'julieta.maidana@example.com', '1177889912'),
(97, 'Nicolás', 'Paz', '55566778S', 'nicolas.paz@example.com', '1188990023'),
(98, 'Valentina', 'Miranda', '66677889T', 'valentina.miranda@example.com', '1199001134'),
(99, 'Lucio', 'Figueroa', '77788990U', 'lucio.figueroa@example.com', '1100112245'),
(100, 'Agustín', 'Ortiz', '88899001V', 'agustin.ortiz@example.com', '1111223356');


INSERT INTO reservas (id_pasajero, id_vuelo, fecha_reserva, clase, costo_total, asiento, estado) VALUES
(1, 1, '2025-06-25', 'Economica', 250.00, 'A1', 'Confirmada'),
(2, 2, '2025-06-26', 'Ejecutiva', 500.00, 'B1', 'Confirmada'),
(3, 3, '2025-06-25', 'Primera', 800.00, 'C1', 'Confirmada'),
(4, 4, '2025-06-27', 'Economica', 200.00, 'A2', 'Confirmada'),
(5, 5, '2025-06-26', 'Ejecutiva', 450.00, 'B2', 'Pendiente'),
(6, 6, '2025-06-28', 'Economica', 220.00, 'A3', 'Confirmada'),
(7, 7, '2025-06-27', 'Primera', 750.00, 'C2', 'Confirmada'),
(8, 8, '2025-06-29', 'Economica', 180.00, 'A4', 'Cancelada'),
(9, 9, '2025-06-28', 'Ejecutiva', 480.00, 'B3', 'Confirmada'),
(10, 10, '2025-06-30', 'Economica', 230.00, 'A5', 'Confirmada'),
(11, 11, '2025-06-29', 'Primera', 850.00, 'C3', 'Pendiente'),
(12, 12, '2025-06-30', 'Economica', 210.00, 'A6', 'Confirmada'),
(13, 13, '2025-07-01', 'Ejecutiva', 520.00, 'B4', 'Confirmada'),
(14, 14, '2025-07-01', 'Economica', 260.00, 'A7', 'Cancelada'),
(15, 15, '2025-07-02', 'Primera', 790.00, 'C4', 'Confirmada'),
(16, 16, '2025-07-02', 'Economica', 190.00, 'A8', 'Confirmada'),
(17, 17, '2025-07-03', 'Ejecutiva', 470.00, 'B5', 'Confirmada'),
(18, 18, '2025-07-03', 'Economica', 240.00, 'A9', 'Confirmada'),
(19, 19, '2025-07-04', 'Primera', 810.00, 'C5', 'Pendiente'),
(20, 20, '2025-07-04', 'Economica', 205.00, 'A10', 'Confirmada'),
(21, 21, '2025-07-05', 'Ejecutiva', 510.00, 'B6', 'Confirmada'),
(22, 22, '2025-07-05', 'Economica', 215.00, 'A11', 'Cancelada'),
(23, 23, '2025-07-06', 'Primera', 780.00, 'C6', 'Confirmada'),
(24, 24, '2025-07-06', 'Economica', 195.00, 'A12', 'Confirmada'),
(25, 25, '2025-07-07', 'Ejecutiva', 495.00, 'B7', 'Confirmada'),
(26, 26, '2025-07-07', 'Economica', 225.00, 'A13', 'Confirmada'),
(27, 27, '2025-07-08', 'Primera', 830.00, 'C7', 'Pendiente'),
(28, 28, '2025-07-08', 'Economica', 235.00, 'A14', 'Confirmada'),
(29, 29, '2025-07-09', 'Ejecutiva', 530.00, 'B8', 'Confirmada'),
(30, 30, '2025-07-09', 'Economica', 265.00, 'A15', 'Cancelada'),
(31, 31, '2025-07-10', 'Primera', 770.00, 'C8', 'Confirmada'),
(32, 32, '2025-07-10', 'Economica', 185.00, 'A16', 'Confirmada'),
(33, 33, '2025-07-11', 'Ejecutiva', 460.00, 'B9', 'Confirmada'),
(34, 34, '2025-07-11', 'Economica', 245.00, 'A17', 'Confirmada'),
(35, 35, '2025-07-12', 'Primera', 805.00, 'C9', 'Pendiente'),
(36, 36, '2025-07-12', 'Economica', 200.00, 'A18', 'Confirmada'),
(37, 37, '2025-07-13', 'Ejecutiva', 500.00, 'B10', 'Confirmada'),
(38, 38, '2025-07-13', 'Economica', 210.00, 'A19', 'Cancelada'),
(39, 39, '2025-07-14', 'Primera', 795.00, 'C10', 'Confirmada'),
(40, 40, '2025-07-14', 'Economica', 190.00, 'A20', 'Confirmada'),
(41, 41, '2025-07-15', 'Ejecutiva', 485.00, 'B11', 'Confirmada'),
(42, 42, '2025-07-15', 'Economica', 230.00, 'A21', 'Confirmada'),
(43, 43, '2025-07-16', 'Primera', 820.00, 'C11', 'Pendiente'),
(44, 44, '2025-07-16', 'Economica', 220.00, 'A22', 'Confirmada'),
(45, 45, '2025-07-17', 'Ejecutiva', 525.00, 'B12', 'Confirmada'),
(46, 46, '2025-07-17', 'Economica', 255.00, 'A23', 'Cancelada'),
(47, 47, '2025-07-18', 'Primera', 765.00, 'C12', 'Confirmada'),
(48, 48, '2025-07-18', 'Economica', 180.00, 'A24', 'Confirmada'),
(49, 49, '2025-07-19', 'Ejecutiva', 455.00, 'B13', 'Confirmada'),
(50, 50, '2025-07-19', 'Economica', 235.00, 'A25', 'Confirmada'),
(51, 51, '2025-07-20', 'Primera', 815.00, 'C13', 'Pendiente'),
(52, 52, '2025-07-20', 'Economica', 205.00, 'A26', 'Confirmada'),
(53, 53, '2025-07-21', 'Ejecutiva', 505.00, 'B14', 'Confirmada'),
(54, 54, '2025-07-21', 'Economica', 215.00, 'A27', 'Cancelada'),
(55, 55, '2025-07-22', 'Primera', 785.00, 'C14', 'Confirmada'),
(56, 56, '2025-07-22', 'Economica', 195.00, 'A28', 'Confirmada'),
(57, 57, '2025-07-23', 'Ejecutiva', 490.00, 'B15', 'Confirmada'),
(58, 58, '2025-07-23', 'Economica', 225.00, 'A29', 'Confirmada'),
(59, 59, '2025-07-24', 'Primera', 835.00, 'C15', 'Pendiente'),
(60, 60, '2025-07-24', 'Economica', 240.00, 'A30', 'Confirmada'),
(61, 61, '2025-07-25', 'Ejecutiva', 535.00, 'B16', 'Confirmada'),
(62, 62, '2025-07-25', 'Economica', 270.00, 'A31', 'Cancelada'),
(63, 63, '2025-07-26', 'Primera', 775.00, 'C16', 'Confirmada'),
(64, 64, '2025-07-26', 'Economica', 185.00, 'A32', 'Confirmada'),
(65, 65, '2025-07-27', 'Ejecutiva', 465.00, 'B17', 'Confirmada'),
(66, 66, '2025-07-27', 'Economica', 250.00, 'A33', 'Confirmada'),
(67, 67, '2025-07-28', 'Primera', 810.00, 'C17', 'Pendiente'),
(68, 68, '2025-07-28', 'Economica', 200.00, 'A34', 'Confirmada'),
(69, 69, '2025-07-29', 'Ejecutiva', 500.00, 'B18', 'Confirmada'),
(70, 70, '2025-07-29', 'Economica', 210.00, 'A35', 'Cancelada'),
(71, 71, '2025-07-30', 'Primera', 790.00, 'C18', 'Confirmada'),
(72, 72, '2025-07-30', 'Economica', 190.00, 'A36', 'Confirmada'),
(73, 73, '2025-07-31', 'Ejecutiva', 480.00, 'B19', 'Confirmada'),
(74, 74, '2025-07-31', 'Economica', 230.00, 'A37', 'Confirmada'),
(75, 75, '2025-08-01', 'Primera', 825.00, 'C19', 'Pendiente'),
(76, 76, '2025-08-01', 'Economica', 220.00, 'A38', 'Confirmada'),
(77, 77, '2025-08-02', 'Ejecutiva', 515.00, 'B20', 'Confirmada'),
(78, 78, '2025-08-02', 'Economica', 255.00, 'A39', 'Cancelada'),
(79, 79, '2025-08-03', 'Primera', 760.00, 'C20', 'Confirmada'),
(80, 80, '2025-08-03', 'Economica', 180.00, 'A40', 'Confirmada'),
(81, 81, '2025-08-04', 'Ejecutiva', 450.00, 'B21', 'Confirmada'),
(82, 82, '2025-08-04', 'Economica', 235.00, 'A41', 'Confirmada'),
(83, 83, '2025-08-05', 'Primera', 800.00, 'C21', 'Pendiente'),
(84, 84, '2025-08-05', 'Economica', 205.00, 'A42', 'Confirmada'),
(85, 85, '2025-08-06', 'Ejecutiva', 500.00, 'B22', 'Confirmada'),
(86, 86, '2025-08-06', 'Economica', 215.00, 'A43', 'Cancelada'),
(87, 87, '2025-08-07', 'Primera', 780.00, 'C22', 'Confirmada'),
(88, 88, '2025-08-07', 'Economica', 195.00, 'A44', 'Confirmada'),
(89, 89, '2025-08-08', 'Ejecutiva', 495.00, 'B23', 'Confirmada'),
(90, 90, '2025-08-08', 'Economica', 225.00, 'A45', 'Confirmada'),
(91, 91, '2025-08-09', 'Primera', 830.00, 'C23', 'Pendiente'),
(92, 92, '2025-08-09', 'Economica', 235.00, 'A46', 'Confirmada'),
(93, 93, '2025-08-10', 'Ejecutiva', 530.00, 'B24', 'Confirmada'),
(94, 94, '2025-08-10', 'Economica', 265.00, 'A47', 'Cancelada'),
(95, 95, '2025-08-11', 'Primera', 770.00, 'C24', 'Confirmada'),
(96, 96, '2025-08-11', 'Economica', 185.00, 'A48', 'Confirmada'),
(97, 97, '2025-08-12', 'Ejecutiva', 460.00, 'B25', 'Confirmada'),
(98, 98, '2025-08-12', 'Economica', 245.00, 'A49', 'Confirmada'),
(99, 99, '2025-08-13', 'Primera', 805.00, 'C25', 'Pendiente'),
(100, 100, '2025-08-13', 'Economica', 200.00, 'A50', 'Confirmada');

INSERT INTO cancelaciones (id_reserva, fecha_cancelacion, reembolso) VALUES
(8, '2025-06-29', 180.00),
(14, '2025-07-01', 260.00),
(22, '2025-07-05', 215.00),
(30, '2025-07-09', 265.00),
(38, '2025-07-13', 210.00),
(46, '2025-07-17', 255.00),
(54, '2025-07-21', 215.00),
(62, '2025-07-25', 270.00),
(70, '2025-07-29', 210.00),
(78, '2025-08-02', 255.00),
(86, '2025-08-06', 215.00),
(94, '2025-08-10', 265.00),
(1, '2025-06-26', 250.00), 
(2, '2025-06-27', 500.00),
(3, '2025-06-28', 800.00),
(4, '2025-06-29', 200.00),
(5, '2025-06-30', 450.00),
(6, '2025-07-01', 220.00),
(7, '2025-07-02', 750.00),
(9, '2025-07-03', 480.00),
(10, '2025-07-04', 230.00),
(11, '2025-07-05', 850.00),
(12, '2025-07-06', 210.00),
(13, '2025-07-07', 520.00),
(15, '2025-07-08', 790.00),
(16, '2025-07-09', 190.00),
(17, '2025-07-10', 470.00),
(18, '2025-07-11', 240.00),
(19, '2025-07-12', 810.00),
(20, '2025-07-13', 205.00),
(21, '2025-07-14', 510.00),
(23, '2025-07-15', 780.00),
(24, '2025-07-16', 195.00),
(25, '2025-07-17', 495.00),
(26, '2025-07-18', 225.00),
(27, '2025-07-19', 830.00),
(28, '2025-07-20', 235.00),
(29, '2025-07-21', 530.00),
(31, '2025-07-22', 770.00),
(32, '2025-07-23', 185.00),
(33, '2025-07-24', 460.00),
(34, '2025-07-25', 245.00),
(35, '2025-07-26', 805.00),
(36, '2025-07-27', 200.00),
(37, '2025-07-28', 500.00),
(39, '2025-07-29', 795.00),
(40, '2025-07-30', 190.00),
(41, '2025-07-31', 485.00),
(42, '2025-08-01', 230.00),
(43, '2025-08-02', 820.00),
(44, '2025-08-03', 220.00),
(45, '2025-08-04', 525.00),
(47, '2025-08-05', 765.00),
(48, '2025-08-06', 180.00),
(49, '2025-08-07', 455.00),
(50, '2025-08-08', 235.00),
(51, '2025-08-09', 815.00),
(52, '2025-08-10', 205.00),
(53, '2025-08-11', 505.00),
(55, '2025-08-12', 785.00),
(56, '2025-08-13', 195.00),
(57, '2025-08-14', 490.00),
(58, '2025-08-15', 225.00),
(59, '2025-08-16', 835.00),
(60, '2025-08-17', 240.00),
(61, '2025-08-18', 535.00),
(63, '2025-08-19', 775.00),
(64, '2025-08-20', 185.00),
(65, '2025-08-21', 465.00),
(66, '2025-08-22', 250.00),
(67, '2025-08-23', 810.00),
(68, '2025-08-24', 200.00),
(69, '2025-08-25', 500.00),
(71, '2025-08-26', 790.00),
(72, '2025-08-27', 190.00),
(73, '2025-08-28', 480.00),
(74, '2025-08-29', 230.00),
(75, '2025-08-30', 825.00),
(76, '2025-08-31', 220.00),
(77, '2025-09-01', 515.00),
(79, '2025-09-02', 760.00),
(80, '2025-09-03', 180.00),
(81, '2025-09-04', 450.00),
(82, '2025-09-05', 235.00),
(83, '2025-09-06', 800.00),
(84, '2025-09-07', 205.00),
(85, '2025-09-08', 500.00),
(87, '2025-09-09', 780.00),
(88, '2025-09-10', 195.00),
(89, '2025-09-11', 495.00),
(90, '2025-09-12', 225.00),
(91, '2025-09-13', 830.00),
(92, '2025-09-14', 235.00),
(93, '2025-09-15', 530.00),
(95, '2025-09-16', 770.00),
(96, '2025-09-17', 185.00),
(97, '2025-09-18', 460.00),
(98, '2025-09-19', 245.00),
(99, '2025-09-20', 805.00),
(100, '2025-09-21', 200.00);

--  muestra datos de los pasajeros que tienen reservas confirmadas y los detalles del vuelo al que están asociados.
SELECT 
    p.nombre,
    p.apellido,
    p.email,
    v.numero_vuelo,
    v.fecha_salida
FROM reservas r
INNER JOIN pasajeros p ON r.id_pasajero = p.id_pasajero
INNER JOIN vuelos v ON r.id_vuelo = v.id_vuelo
WHERE r.estado = 'Confirmada';

-- Muestra el nombre del pasajero, modelo del avión, aerolínea y nombre del piloto del vuelo reservado
SELECT 
    pa.nombre AS nombre_pasajero,
    pa.apellido AS apellido_pasajero,
    av.modelo AS modelo_avion,
    al.nombre AS aerolinea,
    pi.nombre AS nombre_piloto,
    pi.apellido AS apellido_piloto
FROM reservas r
INNER JOIN pasajeros pa ON r.id_pasajero = pa.id_pasajero
INNER JOIN vuelos v ON r.id_vuelo = v.id_vuelo
INNER JOIN aviones av ON v.id_avion = av.id_avion
INNER JOIN aerolineas al ON av.id_aerolinea = al.id_aerolinea
INNER JOIN pilotos pi ON v.id_piloto = pi.id_piloto;

-- Muestra todos los pasajeros y sus reservas si las tienen; si no tienen reserva, muestra NULL en datos de reserva
SELECT 
    p.id_pasajero,
    p.nombre,
    p.apellido,
    r.id_reserva,
    r.estado
FROM pasajeros p
LEFT JOIN reservas r ON p.id_pasajero = r.id_pasajero;

-- Muestra todos los vuelos y las reservas asociadas si existen; si no hay reservas para un vuelo, muestra NULL en datos de reserva
SELECT 
    v.id_vuelo,
    v.numero_vuelo,
    v.fecha_salida,
    r.id_reserva,
    r.estado
FROM vuelos v
LEFT JOIN reservas r ON v.id_vuelo = r.id_vuelo;

-- Cuenta cantidad de reservas por estado (Confirmada, Pendiente, Cancelada)
SELECT 
    estado,
    COUNT(*) AS cantidad_reservas
FROM reservas
GROUP BY estado;

-- Suma el costo total por clase de vuelo y mostrar solo clases con más de 5 reservas
SELECT 
    clase,
    SUM(costo_total) AS suma_costo_total,
    COUNT(*) AS cantidad_reservas
FROM reservas
GROUP BY clase
HAVING COUNT(*) > 5;

-- Muestra pasajeros que tienen reservas en vuelos con costo total mayor al promedio de todas las reservas
SELECT 
    p.nombre,
    p.apellido,
    r.costo_total
FROM pasajeros p
INNER JOIN reservas r ON p.id_pasajero = r.id_pasajero
WHERE r.costo_total > (
    SELECT AVG(costo_total) FROM reservas
);

-- Muestra vuelos que tengan 1 o mas reservas confirmadas
SELECT 
    v.numero_vuelo,
    v.fecha_salida
FROM vuelos v
WHERE (
    SELECT COUNT(*)
    FROM reservas r
    WHERE r.id_vuelo = v.id_vuelo AND r.estado = 'Confirmada'
) >= 1;

DELIMITER //
-- Procedimiento:
-- Inserta una nueva reserva para un pasajero y vuelo dado, con datos de clase, costo, asiento y estado.

CREATE PROCEDURE insertar_reserva (
    IN p_id_pasajero INT, 
    IN p_id_vuelo INT,
    IN p_clase VARCHAR(20),
    IN p_costo DECIMAL(10,2),
    IN p_asiento VARCHAR(5),
    IN p_estado VARCHAR(20) -- recibe toda los parametros para la nueva reserva
)
BEGIN
    INSERT INTO reservas (id_pasajero, id_vuelo, fecha_reserva, clase, costo_total, asiento, estado) 
    VALUES (p_id_pasajero, p_id_vuelo, CURDATE(), p_clase, p_costo, p_asiento, p_estado); 
    -- usamos CURDATE() para que guarde la fecha actual
END //
-- Ejemplo de uso:
-- CALL insertar_reserva(1, 2, 'Economica', 300.00, 'D1', 'Pendiente');

DELIMITER //
-- Procedimiento: 
-- Actualiza el estado de una reserva a través de su ID.

CREATE PROCEDURE actualizar_estado_reserva (
    IN p_id_reserva INT, -- aca se pasa el ID de la reserva a actualizar
    IN p_nuevo_estado VARCHAR(20) -- se pasa el nuevo estado (cancelado - pendiente - confirmado)
)
BEGIN
    UPDATE reservas -- se actualiza la tabla reservas
    SET estado = p_nuevo_estado -- se guarda el nuevo estado en "estado"
    WHERE id_reserva = p_id_reserva; -- busca que coincida el id con el id ingresado
END //
-- Ejemplo de uso:
-- CALL actualizar_estado_reserva(10, 'Cancelada');

DELIMITER //
-- Procedimiento: cancelar_vuelo
-- Cancela un vuelo y todas sus reservas asociadas.

CREATE PROCEDURE cancelar_vuelo (
    IN p_id_vuelo INT
)
BEGIN
    -- Actualiza el estado del vuelo a 'Cancelado'
    UPDATE vuelos
    SET estado = 'Cancelado'
    WHERE id_vuelo = p_id_vuelo;

    -- Actualiza el estado de las reservas de ese vuelo a 'Cancelada'
    UPDATE reservas
    SET estado = 'Cancelada'
    WHERE id_vuelo = p_id_vuelo AND estado <> 'Cancelada';
END //
-- Ejemplo de uso:
-- CALL cancelar_vuelo(3);